{
	"credit": "Made with Blockbench",
	"parent": "block/block",
	"texture_size": [32, 32],
	"textures": {
		"0": "create:item/wrench",
		"particle": "create:item/wrench"
	},
	"elements": [
		{
			"name": "Main",
			"from": [7.8, 17, 7.8],
			"to": [8.55, 31, 8.55],
			"rotation": {"angle": 0, "axis": "y", "origin": [8.175, 24, 8.175]},
			"faces": {
				"north": {"uv": [4, 0, 4.5, 7], "texture": "#0"},
				"east": {"uv": [4.5, 0, 5, 7], "texture": "#0"},
				"south": {"uv": [5, 0, 5.5, 7], "texture": "#0"},
				"west": {"uv": [5.5, 0, 6, 7], "texture": "#0"},
				"up": {"uv": [13, 2, 12.5, 1.5], "texture": "#0"},
				"down": {"uv": [13, 7, 12.5, 7.5], "texture": "#0"}
			}
		},
		{
			"name": "Main",
			"from": [6.175, 24.125, 7.8],
			"to": [13.175, 24.875, 8.55],
			"rotation": {"angle": 0, "axis": "y", "origin": [8.175, 24, 8.175]},
			"faces": {
				"north": {"uv": [6, 0, 9.5, 0.5], "texture": "#0"},
				"east": {"uv": [12.5, 7.5, 13, 8], "texture": "#0"},
				"south": {"uv": [6, 0.5, 9.5, 1], "texture": "#0"},
				"west": {"uv": [12.5, 8, 13, 8.5], "texture": "#0"},
				"up": {"uv": [9.5, 1.5, 6, 1], "texture": "#0"},
				"down": {"uv": [9.5, 1.5, 6, 2], "texture": "#0"}
			}
		},
		{
			"name": "Main",
			"from": [7.5, -9, 7.5],
			"to": [9, 19, 9],
			"rotation": {"angle": 0, "axis": "y", "origin": [8.25, 8, 7.75]},
			"faces": {
				"north": {"uv": [0, 0, 1, 14], "texture": "#0"},
				"east": {"uv": [1, 0, 2, 14], "texture": "#0"},
				"south": {"uv": [2, 0, 3, 14], "texture": "#0"},
				"west": {"uv": [3, 0, 4, 14], "texture": "#0"},
				"up": {"uv": [10, 9, 9, 8], "texture": "#0"},
				"down": {"uv": [10, 9, 9, 10], "texture": "#0"}
			}
		},
		{
			"name": "Outer_Roundness",
			"from": [7, 19, 7.5],
			"to": [9.5, 20, 9],
			"rotation": {"angle": -22.5, "axis": "z", "origin": [8.25, 24.5, 8.25]},
			"faces": {
				"north": {"uv": [10, 9.5, 11.5, 10], "texture": "#0"},
				"east": {"uv": [7.5, 6.5, 8.5, 7], "texture": "#0"},
				"south": {"uv": [10.5, 10.5, 12, 11], "texture": "#0"},
				"west": {"uv": [8, 11.5, 9, 12], "texture": "#0"},
				"up": {"uv": [7.5, 3, 6, 2], "texture": "#0"},
				"down": {"uv": [7.5, 3, 6, 4], "texture": "#0"}
			}
		},
		{
			"name": "Outer_Roundness",
			"from": [7, 19, 7.5],
			"to": [9.5, 20, 9],
			"rotation": {"angle": 0, "axis": "y", "origin": [8.25, 24.5, 8.25]},
			"faces": {
				"north": {"uv": [11, 0, 12.5, 0.5], "texture": "#0"},
				"east": {"uv": [12, 4, 13, 4.5], "texture": "#0"},
				"south": {"uv": [11, 0.5, 12.5, 1], "texture": "#0"},
				"west": {"uv": [12, 4.5, 13, 5], "texture": "#0"},
				"up": {"uv": [7.5, 5, 6, 4], "texture": "#0"},
				"down": {"uv": [7.5, 5, 6, 6], "texture": "#0"}
			}
		},
		{
			"name": "Outer_Roundness",
			"from": [7, 19, 7.5],
			"to": [9.5, 20, 9],
			"rotation": {"angle": 22.5, "axis": "z", "origin": [8.25, 24.5, 8.25]},
			"faces": {
				"north": {"uv": [11, 1, 12.5, 1.5], "texture": "#0"},
				"east": {"uv": [12, 5, 13, 5.5], "texture": "#0"},
				"south": {"uv": [11, 1.5, 12.5, 2], "texture": "#0"},
				"west": {"uv": [12, 5.5, 13, 6], "texture": "#0"},
				"up": {"uv": [7.5, 7, 6, 6], "texture": "#0"},
				"down": {"uv": [5.5, 7, 4, 8], "texture": "#0"}
			}
		},
		{
			"name": "Outer_Roundness",
			"from": [7, 19, 7.5],
			"to": [9.5, 20, 9],
			"rotation": {"angle": 45, "axis": "z", "origin": [8.25, 24.5, 8.25]},
			"faces": {
				"north": {"uv": [11, 10, 12.5, 10.5], "texture": "#0"},
				"east": {"uv": [12, 6, 13, 6.5], "texture": "#0"},
				"south": {"uv": [10.5, 11, 12, 11.5], "texture": "#0"},
				"west": {"uv": [12, 6.5, 13, 7], "texture": "#0"},
				"up": {"uv": [7, 8, 5.5, 7], "texture": "#0"},
				"down": {"uv": [8.5, 7, 7, 8], "texture": "#0"}
			}
		},
		{
			"name": "Outer_Roundness",
			"from": [12.75, 23.25, 7.5],
			"to": [13.75, 25.75, 9],
			"rotation": {"angle": -22.5, "axis": "z", "origin": [8.25, 24.5, 8.25]},
			"faces": {
				"north": {"uv": [4, 11.5, 4.5, 13], "texture": "#0"},
				"east": {"uv": [7.5, 2, 8.5, 3.5], "texture": "#0"},
				"south": {"uv": [4.5, 11.5, 5, 13], "texture": "#0"},
				"west": {"uv": [7.5, 3.5, 8.5, 5], "texture": "#0"},
				"up": {"uv": [12.5, 8, 12, 7], "texture": "#0"},
				"down": {"uv": [8.5, 12, 8, 13], "texture": "#0"}
			}
		},
		{
			"name": "Outer_Roundness",
			"from": [12.75, 23.25, 7.5],
			"to": [13.75, 25.75, 9],
			"rotation": {"angle": 0, "axis": "y", "origin": [8.25, 24.5, 8.25]},
			"faces": {
				"north": {"uv": [5, 11.5, 5.5, 13], "texture": "#0"},
				"east": {"uv": [7.5, 5, 8.5, 6.5], "texture": "#0"},
				"south": {"uv": [5.5, 11.5, 6, 13], "texture": "#0"},
				"west": {"uv": [4, 8, 5, 9.5], "texture": "#0"},
				"up": {"uv": [12.5, 9, 12, 8], "texture": "#0"},
				"down": {"uv": [9, 12, 8.5, 13], "texture": "#0"}
			}
		},
		{
			"name": "Outer_Roundness",
			"from": [12.75, 23.25, 7.5],
			"to": [13.75, 25.75, 9],
			"rotation": {"angle": 22.5, "axis": "z", "origin": [8.25, 24.5, 8.25]},
			"faces": {
				"north": {"uv": [6, 11.5, 6.5, 13], "texture": "#0"},
				"east": {"uv": [5, 8, 6, 9.5], "texture": "#0"},
				"south": {"uv": [6.5, 11.5, 7, 13], "texture": "#0"},
				"west": {"uv": [6, 8, 7, 9.5], "texture": "#0"},
				"up": {"uv": [11, 13, 10.5, 12], "texture": "#0"},
				"down": {"uv": [12.5, 10.5, 12, 11.5], "texture": "#0"}
			}
		},
		{
			"name": "Outer_Roundness",
			"from": [12.75, 23.25, 7.5],
			"to": [13.75, 25.75, 9],
			"rotation": {"angle": 45, "axis": "z", "origin": [8.25, 24.5, 8.25]},
			"faces": {
				"north": {"uv": [7, 11.5, 7.5, 13], "texture": "#0"},
				"east": {"uv": [7, 8, 8, 9.5], "texture": "#0"},
				"south": {"uv": [7.5, 11.5, 8, 13], "texture": "#0"},
				"west": {"uv": [8, 8, 9, 9.5], "texture": "#0"},
				"up": {"uv": [11.5, 13, 11, 12], "texture": "#0"},
				"down": {"uv": [12, 12, 11.5, 13], "texture": "#0"}
			}
		},
		{
			"name": "Outer_Roundness",
			"from": [7, 29, 7.5],
			"to": [9.5, 30, 9],
			"rotation": {"angle": -22.5, "axis": "z", "origin": [8.25, 24.5, 8.25]},
			"faces": {
				"north": {"uv": [11.5, 9.5, 13, 10], "texture": "#0"},
				"east": {"uv": [12, 9, 13, 9.5], "texture": "#0"},
				"south": {"uv": [10.5, 11.5, 12, 12], "texture": "#0"},
				"west": {"uv": [12, 11.5, 13, 12], "texture": "#0"},
				"up": {"uv": [10, 3, 8.5, 2], "texture": "#0"},
				"down": {"uv": [10, 3, 8.5, 4], "texture": "#0"}
			}
		},
		{
			"name": "Outer_Roundness",
			"from": [7, 29, 7.5],
			"to": [9.5, 30, 9],
			"rotation": {"angle": 0, "axis": "y", "origin": [8.25, 24.5, 8.25]},
			"faces": {
				"north": {"uv": [12, 2, 13.5, 2.5], "texture": "#0"},
				"east": {"uv": [12, 12, 13, 12.5], "texture": "#0"},
				"south": {"uv": [12, 2.5, 13.5, 3], "texture": "#0"},
				"west": {"uv": [12.5, 0, 13.5, 0.5], "texture": "#0"},
				"up": {"uv": [10, 5, 8.5, 4], "texture": "#0"},
				"down": {"uv": [10, 5, 8.5, 6], "texture": "#0"}
			}
		},
		{
			"name": "Outer_Roundness",
			"from": [7, 29, 7.5],
			"to": [9.5, 30, 9],
			"rotation": {"angle": 22.5, "axis": "z", "origin": [8.25, 24.5, 8.25]},
			"faces": {
				"north": {"uv": [12, 3, 13.5, 3.5], "texture": "#0"},
				"east": {"uv": [12.5, 0.5, 13.5, 1], "texture": "#0"},
				"south": {"uv": [12, 3.5, 13.5, 4], "texture": "#0"},
				"west": {"uv": [12.5, 1, 13.5, 1.5], "texture": "#0"},
				"up": {"uv": [10, 7, 8.5, 6], "texture": "#0"},
				"down": {"uv": [10, 7, 8.5, 8], "texture": "#0"}
			}
		},
		{
			"name": "Inner_Roundness",
			"from": [7.8, 22.5, 7.55],
			"to": [8.55, 26.5, 8.8],
			"rotation": {"angle": 0, "axis": "y", "origin": [8.175, 24.5, 8.175]},
			"faces": {
				"north": {"uv": [9.5, 0, 10, 2], "texture": "#0"},
				"east": {"uv": [4, 9.5, 4.5, 11.5], "texture": "#0"},
				"south": {"uv": [4.5, 9.5, 5, 11.5], "texture": "#0"},
				"west": {"uv": [5, 9.5, 5.5, 11.5], "texture": "#0"},
				"up": {"uv": [13, 9, 12.5, 8.5], "texture": "#0"},
				"down": {"uv": [9.5, 12.5, 9, 13], "texture": "#0"}
			}
		},
		{
			"name": "Inner_Roundness",
			"from": [7.8, 22.5, 7.55],
			"to": [8.55, 26.5, 8.8],
			"rotation": {"angle": 22.5, "axis": "z", "origin": [8.175, 24.5, 8.175]},
			"faces": {
				"north": {"uv": [5.5, 9.5, 6, 11.5], "texture": "#0"},
				"east": {"uv": [6, 9.5, 6.5, 11.5], "texture": "#0"},
				"south": {"uv": [6.5, 9.5, 7, 11.5], "texture": "#0"},
				"west": {"uv": [7, 9.5, 7.5, 11.5], "texture": "#0"},
				"up": {"uv": [10, 13, 9.5, 12.5], "texture": "#0"},
				"down": {"uv": [10.5, 12.5, 10, 13], "texture": "#0"}
			}
		},
		{
			"name": "Inner_Roundness",
			"from": [7.8, 22.5, 7.55],
			"to": [8.55, 26.5, 8.8],
			"rotation": {"angle": 45, "axis": "z", "origin": [8.175, 24.5, 8.175]},
			"faces": {
				"north": {"uv": [7.5, 9.5, 8, 11.5], "texture": "#0"},
				"east": {"uv": [8, 9.5, 8.5, 11.5], "texture": "#0"},
				"south": {"uv": [8.5, 9.5, 9, 11.5], "texture": "#0"},
				"west": {"uv": [10, 0, 10.5, 2], "texture": "#0"},
				"up": {"uv": [13, 10.5, 12.5, 10], "texture": "#0"},
				"down": {"uv": [13, 10.5, 12.5, 11], "texture": "#0"}
			}
		},
		{
			"name": "Inner_Roundness",
			"from": [6.175, 24.125, 7.55],
			"to": [10.175, 24.875, 8.8],
			"rotation": {"angle": -22.5, "axis": "z", "origin": [8.175, 24.5, 8.175]},
			"faces": {
				"north": {"uv": [10, 2, 12, 2.5], "texture": "#0"},
				"east": {"uv": [12.5, 11, 13, 11.5], "texture": "#0"},
				"south": {"uv": [10, 2.5, 12, 3], "texture": "#0"},
				"west": {"uv": [12, 12.5, 12.5, 13], "texture": "#0"},
				"up": {"uv": [12, 3.5, 10, 3], "texture": "#0"},
				"down": {"uv": [12, 3.5, 10, 4], "texture": "#0"}
			}
		},
		{
			"name": "Inner_Roundness",
			"from": [6.175, 24.125, 7.55],
			"to": [10.175, 24.875, 8.8],
			"rotation": {"angle": 0, "axis": "y", "origin": [8.175, 24.5, 8.175]},
			"faces": {
				"north": {"uv": [10, 4, 12, 4.5], "texture": "#0"},
				"east": {"uv": [12.5, 12.5, 13, 13], "texture": "#0"},
				"south": {"uv": [10, 4.5, 12, 5], "texture": "#0"},
				"west": {"uv": [13, 1.5, 13.5, 2], "texture": "#0"},
				"up": {"uv": [12, 5.5, 10, 5], "texture": "#0"},
				"down": {"uv": [12, 5.5, 10, 6], "texture": "#0"}
			}
		},
		{
			"name": "Inner_Roundness",
			"from": [6.175, 24.125, 7.55],
			"to": [10.175, 24.875, 8.8],
			"rotation": {"angle": 22.5, "axis": "z", "origin": [8.175, 24.5, 8.175]},
			"faces": {
				"north": {"uv": [10, 6, 12, 6.5], "texture": "#0"},
				"east": {"uv": [4, 13, 4.5, 13.5], "texture": "#0"},
				"south": {"uv": [10, 6.5, 12, 7], "texture": "#0"},
				"west": {"uv": [13, 4, 13.5, 4.5], "texture": "#0"},
				"up": {"uv": [12, 7.5, 10, 7], "texture": "#0"},
				"down": {"uv": [12, 7.5, 10, 8], "texture": "#0"}
			}
		},
		{
			"name": "Inner_Roundness",
			"from": [6.175, 24.125, 7.55],
			"to": [10.175, 24.875, 8.8],
			"rotation": {"angle": 45, "axis": "z", "origin": [8.175, 24.5, 8.175]},
			"faces": {
				"north": {"uv": [10, 8, 12, 8.5], "texture": "#0"},
				"east": {"uv": [4.5, 13, 5, 13.5], "texture": "#0"},
				"south": {"uv": [10, 8.5, 12, 9], "texture": "#0"},
				"west": {"uv": [13, 4.5, 13.5, 5], "texture": "#0"},
				"up": {"uv": [11, 10.5, 9, 10], "texture": "#0"},
				"down": {"uv": [12, 9, 10, 9.5], "texture": "#0"}
			}
		},
		{
			"name": "Inner_Roundness",
			"from": [7.8, 22.5, 7.55],
			"to": [8.55, 26.5, 8.8],
			"rotation": {"angle": -22.5, "axis": "z", "origin": [8.175, 24.5, 8.175]},
			"faces": {
				"north": {"uv": [10.5, 0, 11, 2], "texture": "#0"},
				"east": {"uv": [9, 10.5, 9.5, 12.5], "texture": "#0"},
				"south": {"uv": [9.5, 10.5, 10, 12.5], "texture": "#0"},
				"west": {"uv": [10, 10.5, 10.5, 12.5], "texture": "#0"},
				"up": {"uv": [5.5, 13.5, 5, 13], "texture": "#0"},
				"down": {"uv": [13.5, 5, 13, 5.5], "texture": "#0"}
			}
		},
		{
			"name": "upper",
			"from": [7.2, 18.7, 7.2],
			"to": [9.3, 19, 9.3],
			"rotation": {"angle": 0, "axis": "y", "origin": [0, 0, 7]},
			"faces": {
				"north": {"uv": [6.5, 13, 7.5, 13.5], "texture": "#0"},
				"east": {"uv": [13, 6.5, 14, 7], "texture": "#0"},
				"south": {"uv": [13, 7, 14, 7.5], "texture": "#0"},
				"west": {"uv": [7.5, 13, 8.5, 13.5], "texture": "#0"},
				"up": {"uv": [6.5, 14, 5.5, 13], "texture": "#0"},
				"down": {"uv": [14, 5.5, 13, 6.5], "texture": "#0"}
			}
		},
		{
			"name": "upper",
			"from": [7.3, 18.5, 7.3],
			"to": [9.2, 18.8, 9.2],
			"rotation": {"angle": 0, "axis": "y", "origin": [0, 0, 7]},
			"faces": {
				"north": {"uv": [13, 8.5, 14, 9], "texture": "#0"},
				"east": {"uv": [13, 9, 14, 9.5], "texture": "#0"},
				"south": {"uv": [9.5, 13, 10.5, 13.5], "texture": "#0"},
				"west": {"uv": [13, 9.5, 14, 10], "texture": "#0"},
				"up": {"uv": [14, 8.5, 13, 7.5], "texture": "#0"},
				"down": {"uv": [9.5, 13, 8.5, 14], "texture": "#0"}
			}
		},
		{
			"name": "upper",
			"from": [7.4, 18.4, 7.4],
			"to": [9.1, 18.7, 9.1],
			"rotation": {"angle": 0, "axis": "y", "origin": [0, 0, 7]},
			"faces": {
				"north": {"uv": [13, 11, 14, 11.5], "texture": "#0"},
				"east": {"uv": [11.5, 13, 12.5, 13.5], "texture": "#0"},
				"south": {"uv": [13, 11.5, 14, 12], "texture": "#0"},
				"west": {"uv": [13, 12, 14, 12.5], "texture": "#0"},
				"up": {"uv": [14, 11, 13, 10], "texture": "#0"},
				"down": {"uv": [11.5, 13, 10.5, 14], "texture": "#0"}
			}
		},
		{
			"name": "Upper_2_Roundness",
			"from": [6.875, 17.425, 7.9],
			"to": [9.675, 18.175, 8.65],
			"rotation": {"angle": 0, "axis": "y", "origin": [8.275, 17.8, 8.275]},
			"faces": {
				"north": {"uv": [6, 0, 9.5, 0.5], "texture": "#0"},
				"east": {"uv": [12.5, 7.5, 13, 8], "texture": "#0"},
				"south": {"uv": [6, 0.5, 9.5, 1], "texture": "#0"},
				"west": {"uv": [12.5, 8, 13, 8.5], "texture": "#0"},
				"up": {"uv": [9.5, 1.5, 6, 1], "texture": "#0"},
				"down": {"uv": [9.5, 1.5, 6, 2], "texture": "#0"}
			}
		},
		{
			"name": "Upper_2_Roundness",
			"from": [6.875, 17.425, 7.9],
			"to": [9.675, 18.175, 8.65],
			"rotation": {"angle": 22.5, "axis": "y", "origin": [8.275, 17.8, 8.275]},
			"faces": {
				"north": {"uv": [6, 0, 9.5, 0.5], "texture": "#0"},
				"east": {"uv": [12.5, 7.5, 13, 8], "texture": "#0"},
				"south": {"uv": [6, 0.5, 9.5, 1], "texture": "#0"},
				"west": {"uv": [12.5, 8, 13, 8.5], "texture": "#0"},
				"up": {"uv": [9.5, 1.5, 6, 1], "texture": "#0"},
				"down": {"uv": [9.5, 1.5, 6, 2], "texture": "#0"}
			}
		},
		{
			"name": "Upper_2_Roundness",
			"from": [6.875, 17.425, 7.9],
			"to": [9.675, 18.175, 8.65],
			"rotation": {"angle": 45, "axis": "y", "origin": [8.275, 17.8, 8.275]},
			"faces": {
				"north": {"uv": [6, 0, 9.5, 0.5], "texture": "#0"},
				"east": {"uv": [12.5, 7.5, 13, 8], "texture": "#0"},
				"south": {"uv": [6, 0.5, 9.5, 1], "texture": "#0"},
				"west": {"uv": [12.5, 8, 13, 8.5], "texture": "#0"},
				"up": {"uv": [9.5, 1.5, 6, 1], "texture": "#0"},
				"down": {"uv": [9.5, 1.5, 6, 2], "texture": "#0"}
			}
		},
		{
			"name": "Upper_2_Roundness",
			"from": [7.9, 17.425, 6.875],
			"to": [8.65, 18.175, 9.675],
			"rotation": {"angle": -22.5, "axis": "y", "origin": [8.275, 17.8, 8.275]},
			"faces": {
				"north": {"uv": [12.5, 7.5, 13, 8], "texture": "#0"},
				"east": {"uv": [6, 0.5, 9.5, 1], "texture": "#0"},
				"south": {"uv": [12.5, 8, 13, 8.5], "texture": "#0"},
				"west": {"uv": [6, 0, 9.5, 0.5], "texture": "#0"},
				"up": {"uv": [9.5, 1.5, 6, 1], "rotation": 270, "texture": "#0"},
				"down": {"uv": [9.5, 1.5, 6, 2], "rotation": 90, "texture": "#0"}
			}
		},
		{
			"name": "Upper_2_Roundness",
			"from": [7.9, 17.425, 6.875],
			"to": [8.65, 18.175, 9.675],
			"rotation": {"angle": 0, "axis": "y", "origin": [8.275, 17.8, 8.275]},
			"faces": {
				"north": {"uv": [12.5, 7.5, 13, 8], "texture": "#0"},
				"east": {"uv": [6, 0.5, 9.5, 1], "texture": "#0"},
				"south": {"uv": [12.5, 8, 13, 8.5], "texture": "#0"},
				"west": {"uv": [6, 0, 9.5, 0.5], "texture": "#0"},
				"up": {"uv": [9.5, 1.5, 6, 1], "rotation": 270, "texture": "#0"},
				"down": {"uv": [9.5, 1.5, 6, 2], "rotation": 90, "texture": "#0"}
			}
		},
		{
			"name": "Upper_2_Roundness",
			"from": [7.9, 17.425, 6.875],
			"to": [8.65, 18.175, 9.675],
			"rotation": {"angle": 22.5, "axis": "y", "origin": [8.275, 17.8, 8.275]},
			"faces": {
				"north": {"uv": [12.5, 7.5, 13, 8], "texture": "#0"},
				"east": {"uv": [6, 0.5, 9.5, 1], "texture": "#0"},
				"south": {"uv": [12.5, 8, 13, 8.5], "texture": "#0"},
				"west": {"uv": [6, 0, 9.5, 0.5], "texture": "#0"},
				"up": {"uv": [9.5, 1.5, 6, 1], "rotation": 270, "texture": "#0"},
				"down": {"uv": [9.5, 1.5, 6, 2], "rotation": 90, "texture": "#0"}
			}
		},
		{
			"name": "Upper_2_Roundness",
			"from": [7.9, 17.425, 6.875],
			"to": [8.65, 18.175, 9.675],
			"rotation": {"angle": 45, "axis": "y", "origin": [8.275, 17.8, 8.275]},
			"faces": {
				"north": {"uv": [12.5, 7.5, 13, 8], "texture": "#0"},
				"east": {"uv": [6, 0.5, 9.5, 1], "texture": "#0"},
				"south": {"uv": [12.5, 8, 13, 8.5], "texture": "#0"},
				"west": {"uv": [6, 0, 9.5, 0.5], "texture": "#0"},
				"up": {"uv": [9.5, 1.5, 6, 1], "rotation": 270, "texture": "#0"},
				"down": {"uv": [9.5, 1.5, 6, 2], "rotation": 90, "texture": "#0"}
			}
		},
		{
			"name": "Upper_2_Roundness",
			"from": [6.875, 17.425, 7.9],
			"to": [9.675, 18.175, 8.65],
			"rotation": {"angle": -22.5, "axis": "y", "origin": [8.275, 17.8, 8.275]},
			"faces": {
				"north": {"uv": [6, 0.5, 9.5, 1], "texture": "#0"},
				"east": {"uv": [12.5, 8, 13, 8.5], "texture": "#0"},
				"south": {"uv": [6, 0, 9.5, 0.5], "texture": "#0"},
				"west": {"uv": [12.5, 7.5, 13, 8], "texture": "#0"},
				"up": {"uv": [9.5, 1.5, 6, 1], "rotation": 180, "texture": "#0"},
				"down": {"uv": [9.5, 1.5, 6, 2], "rotation": 180, "texture": "#0"}
			}
		},
		{
			"name": "Upper_3_Roundness",
			"from": [6.875, 15.125, 7.9],
			"to": [9.675, 15.875, 8.65],
			"rotation": {"angle": 0, "axis": "y", "origin": [8.275, 15.5, 8.275]},
			"faces": {
				"north": {"uv": [6, 0, 9.5, 0.5], "texture": "#0"},
				"east": {"uv": [12.5, 7.5, 13, 8], "texture": "#0"},
				"south": {"uv": [6, 0.5, 9.5, 1], "texture": "#0"},
				"west": {"uv": [12.5, 8, 13, 8.5], "texture": "#0"},
				"up": {"uv": [9.5, 1.5, 6, 1], "texture": "#0"},
				"down": {"uv": [9.5, 1.5, 6, 2], "texture": "#0"}
			}
		},
		{
			"name": "Upper_3_Roundness",
			"from": [6.875, 15.125, 7.9],
			"to": [9.675, 15.875, 8.65],
			"rotation": {"angle": 22.5, "axis": "y", "origin": [8.275, 15.5, 8.275]},
			"faces": {
				"north": {"uv": [6, 0, 9.5, 0.5], "texture": "#0"},
				"east": {"uv": [12.5, 7.5, 13, 8], "texture": "#0"},
				"south": {"uv": [6, 0.5, 9.5, 1], "texture": "#0"},
				"west": {"uv": [12.5, 8, 13, 8.5], "texture": "#0"},
				"up": {"uv": [9.5, 1.5, 6, 1], "texture": "#0"},
				"down": {"uv": [9.5, 1.5, 6, 2], "texture": "#0"}
			}
		},
		{
			"name": "Upper_3_Roundness",
			"from": [6.875, 15.125, 7.9],
			"to": [9.675, 15.875, 8.65],
			"rotation": {"angle": 45, "axis": "y", "origin": [8.275, 15.5, 8.275]},
			"faces": {
				"north": {"uv": [6, 0, 9.5, 0.5], "texture": "#0"},
				"east": {"uv": [12.5, 7.5, 13, 8], "texture": "#0"},
				"south": {"uv": [6, 0.5, 9.5, 1], "texture": "#0"},
				"west": {"uv": [12.5, 8, 13, 8.5], "texture": "#0"},
				"up": {"uv": [9.5, 1.5, 6, 1], "texture": "#0"},
				"down": {"uv": [9.5, 1.5, 6, 2], "texture": "#0"}
			}
		},
		{
			"name": "Upper_3_Roundness",
			"from": [7.9, 15.125, 6.875],
			"to": [8.65, 15.875, 9.675],
			"rotation": {"angle": -22.5, "axis": "y", "origin": [8.275, 15.5, 8.275]},
			"faces": {
				"north": {"uv": [12.5, 7.5, 13, 8], "texture": "#0"},
				"east": {"uv": [6, 0.5, 9.5, 1], "texture": "#0"},
				"south": {"uv": [12.5, 8, 13, 8.5], "texture": "#0"},
				"west": {"uv": [6, 0, 9.5, 0.5], "texture": "#0"},
				"up": {"uv": [9.5, 1.5, 6, 1], "rotation": 270, "texture": "#0"},
				"down": {"uv": [9.5, 1.5, 6, 2], "rotation": 90, "texture": "#0"}
			}
		},
		{
			"name": "Upper_3_Roundness",
			"from": [7.9, 15.125, 6.875],
			"to": [8.65, 15.875, 9.675],
			"rotation": {"angle": 0, "axis": "y", "origin": [8.275, 15.5, 8.275]},
			"faces": {
				"north": {"uv": [12.5, 7.5, 13, 8], "texture": "#0"},
				"east": {"uv": [6, 0.5, 9.5, 1], "texture": "#0"},
				"south": {"uv": [12.5, 8, 13, 8.5], "texture": "#0"},
				"west": {"uv": [6, 0, 9.5, 0.5], "texture": "#0"},
				"up": {"uv": [9.5, 1.5, 6, 1], "rotation": 270, "texture": "#0"},
				"down": {"uv": [9.5, 1.5, 6, 2], "rotation": 90, "texture": "#0"}
			}
		},
		{
			"name": "Upper_3_Roundness",
			"from": [7.9, 15.125, 6.875],
			"to": [8.65, 15.875, 9.675],
			"rotation": {"angle": 22.5, "axis": "y", "origin": [8.275, 15.5, 8.275]},
			"faces": {
				"north": {"uv": [12.5, 7.5, 13, 8], "texture": "#0"},
				"east": {"uv": [6, 0.5, 9.5, 1], "texture": "#0"},
				"south": {"uv": [12.5, 8, 13, 8.5], "texture": "#0"},
				"west": {"uv": [6, 0, 9.5, 0.5], "texture": "#0"},
				"up": {"uv": [9.5, 1.5, 6, 1], "rotation": 270, "texture": "#0"},
				"down": {"uv": [9.5, 1.5, 6, 2], "rotation": 90, "texture": "#0"}
			}
		},
		{
			"name": "Upper_3_Roundness",
			"from": [7.9, 15.125, 6.875],
			"to": [8.65, 15.875, 9.675],
			"rotation": {"angle": 45, "axis": "y", "origin": [8.275, 15.5, 8.275]},
			"faces": {
				"north": {"uv": [12.5, 7.5, 13, 8], "texture": "#0"},
				"east": {"uv": [6, 0.5, 9.5, 1], "texture": "#0"},
				"south": {"uv": [12.5, 8, 13, 8.5], "texture": "#0"},
				"west": {"uv": [6, 0, 9.5, 0.5], "texture": "#0"},
				"up": {"uv": [9.5, 1.5, 6, 1], "rotation": 270, "texture": "#0"},
				"down": {"uv": [9.5, 1.5, 6, 2], "rotation": 90, "texture": "#0"}
			}
		},
		{
			"name": "Upper_3_Roundness",
			"from": [6.875, 15.125, 7.9],
			"to": [9.675, 15.875, 8.65],
			"rotation": {"angle": -22.5, "axis": "y", "origin": [8.275, 15.5, 8.275]},
			"faces": {
				"north": {"uv": [6, 0.5, 9.5, 1], "texture": "#0"},
				"east": {"uv": [12.5, 8, 13, 8.5], "texture": "#0"},
				"south": {"uv": [6, 0, 9.5, 0.5], "texture": "#0"},
				"west": {"uv": [12.5, 7.5, 13, 8], "texture": "#0"},
				"up": {"uv": [9.5, 1.5, 6, 1], "rotation": 180, "texture": "#0"},
				"down": {"uv": [9.5, 1.5, 6, 2], "rotation": 180, "texture": "#0"}
			}
		},
		{
			"from": [9.7, 17.7, 8.91],
			"to": [10.3, 20, 9.01],
			"rotation": {"angle": 0, "axis": "y", "origin": [7, 0, 7]},
			"faces": {
				"north": {"uv": [12.5, 13, 13, 14], "texture": "#0"},
				"east": {"uv": [13, 12.5, 13.5, 13.5], "texture": "#0"},
				"south": {"uv": [13.5, 0, 14, 1], "texture": "#0"},
				"west": {"uv": [13.5, 1, 14, 2], "texture": "#0"},
				"up": {"uv": [14, 2.5, 13.5, 2], "texture": "#0"},
				"down": {"uv": [14, 2.5, 13.5, 3], "texture": "#0"}
			}
		}
	],
	"display": {
		"thirdperson_righthand": {
			"rotation": [0, 0, 89],
			"translation": [-6.5, 0, 0]
		},
		"firstperson_righthand": {
			"rotation": [90, -5.5, 90],
			"translation": [-6.75, 0, -4.25],
			"scale": [1.1, 1.1, 1.1]
		},
		"ground": {
			"scale": [0.5, 0.5, 0.5]
		}
	},
	"groups": [
		{
			"name": "Magic_Wand",
			"origin": [8, 8, 8],
			"color": 0,
			"children": [
				{
					"name": "Main",
					"origin": [8, 8, 8],
					"color": 0,
					"children": [
						0,
						1,
						2,
						{
							"name": "Upper",
							"origin": [8, 8, 8],
							"color": 0,
							"children": [
								{
									"name": "Outer_Roundness",
									"origin": [8, 8, 8],
									"color": 0,
									"children": [3, 4, 5, 6, 7, 8, 9, 10, 11, 12, 13]
								},
								{
									"name": "Inner_Roundness",
									"origin": [8, 8, 8],
									"color": 0,
									"children": [14, 15, 16, 17, 18, 19, 20, 21]
								},
								{
									"name": "Upper_Roundness",
									"origin": [8, 8, 8],
									"color": 0,
									"children": [22, 23, 24]
								},
								{
									"name": "Upper_2_Roundness",
									"origin": [8, 8, 8],
									"color": 0,
									"children": [25, 26, 27, 28, 29, 30, 31, 32]
								},
								{
									"name": "Upper_3_Roundness",
									"origin": [8, 8, 8],
									"color": 0,
									"children": [33, 34, 35, 36, 37, 38, 39, 40]
								},
								41
							]
						}
					]
				}
			]
		}
	]
}